Product ID,Product Name,Category,Warehouse,Location,Quantity,Price,Supplier,Status,Last Restocked,Restock Missing Flag,Stock Value,Days Since Restocked
1102,Gadget Y,Electronics,Warehouse 2,Aisle 1,300.0,9.99,Supplier C,In Stock,,1,2997.0,
1435,Gadget Y,Electronics,Warehouse 2,Aisle 4,0.0,19.99,Supplier C,Out of Stock,,1,0.0,
1860,Widget A,Clothing,Warehouse 2,Aisle 3,100.0,19.99,Supplier B,In Stock,2022-12-20,0,1998.9999999999998,1337.0
1270,Gadget Z,Toys,Warehouse 2,Aisle 4,50.0,49.99,Supplier B,In Stock,2022-12-20,0,2499.5,1337.0
1106,Widget A,Furniture,Warehouse 3,Aisle 3,0.0,9.99,Supplier D,Out of Stock,2023-04-25,0,0.0,1211.0
1071,Widget B,Clothing,Warehouse 3,Aisle 5,300.0,29.99,Supplier A,In Stock,2022-12-20,0,8997.0,1337.0
1700,Widget A,Clothing,Warehouse 2,Aisle 2,0.0,49.99,Supplier B,In Stock,2022-12-20,0,0.0,1337.0
1020,Widget C,Clothing,Warehouse 1,Aisle 5,0.0,9.99,Supplier D,Out of Stock,2022-12-20,0,0.0,1337.0
1614,Gadget Y,Electronics,Warehouse 3,Aisle 3,300.0,9.99,Supplier B,Out of Stock,2023-03-05,0,2997.0,1262.0
1121,Widget B,Toys,Warehouse 1,Aisle 2,50.0,19.99,Supplier C,Out of Stock,2022-12-20,0,999.4999999999999,1337.0
1466,Widget A,Clothing,Warehouse 3,Aisle 1,0.0,49.99,Supplier B,In Stock,2023-01-15,0,0.0,1311.0
1214,Gadget Z,Furniture,Warehouse 2,Aisle 1,50.0,9.99,Supplier A,Low Stock,2023-01-15,0,499.5,1311.0
1330,Widget C,Toys,Warehouse 3,Aisle 4,150.0,9.99,Supplier B,In Stock,2023-04-25,0,1498.5,1211.0
1458,Widget C,Furniture,Warehouse 2,Aisle 3,300.0,49.99,Supplier A,Low Stock,2023-03-05,0,14997.0,1262.0
1087,Widget A,Toys,Warehouse 3,Aisle 3,50.0,29.99,Supplier C,Out of Stock,2023-01-15,0,1499.5,1311.0
1372,Gadget Y,Furniture,Warehouse 2,Aisle 1,0.0,49.99,Supplier A,Low Stock,2023-03-05,0,0.0,1262.0
1099,Widget A,Electronics,Warehouse 2,Aisle 5,300.0,49.99,Supplier B,Out of Stock,2023-03-05,0,14997.0,1262.0
1871,Widget B,Clothing,Warehouse 2,Aisle 2,100.0,29.99,Supplier D,Out of Stock,2023-04-25,0,2999.0,1211.0
1663,Widget A,Furniture,Warehouse 2,Aisle 5,50.0,49.99,Supplier C,Low Stock,2023-03-05,0,2499.5,1262.0
1130,Widget C,Toys,Warehouse 1,Aisle 5,300.0,9.99,Supplier B,Out of Stock,2022-12-20,0,2997.0,1337.0
1661,Widget A,Clothing,Warehouse 2,Aisle 1,50.0,49.99,Supplier C,Low Stock,2023-03-05,0,2499.5,1262.0
1308,Gadget Y,Clothing,Warehouse 1,Aisle 1,300.0,29.99,Supplier C,Out of Stock,2023-04-25,0,8997.0,1211.0
1769,Gadget Z,Toys,Warehouse 1,Aisle 1,0.0,29.99,Supplier B,In Stock,2023-04-25,0,0.0,1211.0
1343,Gadget X,Furniture,Warehouse 2,Aisle 4,100.0,49.99,Supplier B,In Stock,2023-04-25,0,4999.0,1211.0
1491,Widget A,Electronics,Warehouse 1,Aisle 5,100.0,19.99,Supplier D,Out of Stock,2023-01-15,0,1998.9999999999998,1311.0
1413,Gadget Y,Electronics,Warehouse 3,Aisle 3,150.0,9.99,Supplier C,Out of Stock,2022-12-20,0,1498.5,1337.0
1805,Gadget Y,Furniture,Warehouse 2,Aisle 2,300.0,9.99,Supplier C,Low Stock,2023-01-15,0,2997.0,1311.0
1385,Gadget Z,Clothing,Warehouse 1,Aisle 4,50.0,19.99,Supplier B,In Stock,,1,999.4999999999999,
1191,Widget C,Clothing,Warehouse 2,Aisle 3,100.0,19.99,Supplier A,Low Stock,2022-12-20,0,1998.9999999999998,1337.0
1955,Gadget Y,Clothing,Warehouse 2,Aisle 5,100.0,49.99,Supplier B,Out of Stock,2023-03-05,0,4999.0,1262.0
1276,Gadget Y,Clothing,Warehouse 2,Aisle 1,0.0,19.99,Supplier C,Out of Stock,2023-04-25,0,0.0,1211.0
1160,Gadget Y,Furniture,Warehouse 1,Aisle 5,0.0,29.99,Supplier B,Low Stock,,1,0.0,
1459,Gadget Y,Clothing,Warehouse 3,Aisle 2,100.0,29.99,Supplier D,Out of Stock,2022-12-20,0,2999.0,1337.0
1313,Widget B,Toys,Warehouse 3,Aisle 4,300.0,19.99,Supplier A,In Stock,2023-01-15,0,5996.999999999999,1311.0
1021,Widget B,Clothing,Warehouse 1,Aisle 4,150.0,19.99,Supplier B,Low Stock,2023-04-25,0,2998.4999999999995,1211.0
1252,Widget C,Electronics,Warehouse 2,Aisle 2,100.0,29.99,Supplier D,In Stock,2023-01-15,0,2999.0,1311.0
1747,Widget A,Clothing,Warehouse 1,Aisle 3,0.0,9.99,Supplier C,In Stock,2022-12-20,0,0.0,1337.0
1856,Gadget Y,Furniture,Warehouse 1,Aisle 3,50.0,9.99,Supplier B,In Stock,2022-12-20,0,499.5,1337.0
1560,Gadget Z,Electronics,Warehouse 1,Aisle 4,150.0,49.99,Supplier C,Low Stock,,1,7498.5,
1474,Widget A,Furniture,Warehouse 2,Aisle 4,0.0,29.99,Supplier D,Out of Stock,2023-03-05,0,0.0,1262.0
1058,Gadget Z,Furniture,Warehouse 1,Aisle 1,150.0,29.99,Supplier C,In Stock,2023-01-15,0,4498.5,1311.0
1510,Widget A,Electronics,Warehouse 2,Aisle 3,0.0,29.99,Supplier D,In Stock,,1,0.0,
1681,Widget C,Furniture,Warehouse 1,Aisle 2,50.0,29.99,Supplier D,In Stock,2023-04-25,0,1499.5,1211.0
1475,Gadget Y,Furniture,Warehouse 3,Aisle 3,50.0,29.99,Supplier D,Out of Stock,2023-03-05,0,1499.5,1262.0
1699,Gadget Y,Clothing,Warehouse 1,Aisle 1,0.0,9.99,Supplier B,Out of Stock,,1,0.0,
1975,Gadget X,Toys,Warehouse 1,Aisle 4,300.0,29.99,Supplier C,Low Stock,2023-01-15,0,8997.0,1311.0
1782,Gadget Z,Furniture,Warehouse 3,Aisle 4,0.0,29.99,Supplier C,Out of Stock,2022-12-20,0,0.0,1337.0
1189,Widget A,Furniture,Warehouse 2,Aisle 1,0.0,29.99,Supplier A,Low Stock,2023-04-25,0,0.0,1211.0
1957,Widget A,Furniture,Warehouse 2,Aisle 2,0.0,29.99,Supplier A,Low Stock,2023-01-15,0,0.0,1311.0
1686,Widget B,Clothing,Warehouse 1,Aisle 4,0.0,29.99,Supplier A,Low Stock,2023-03-05,0,0.0,1262.0
1562,Widget B,Electronics,Warehouse 2,Aisle 4,150.0,29.99,Supplier C,Low Stock,2022-12-20,0,4498.5,1337.0
1875,Widget B,Clothing,Warehouse 1,Aisle 5,0.0,49.99,Supplier D,In Stock,2022-12-20,0,0.0,1337.0
1566,Widget B,Clothing,Warehouse 3,Aisle 1,0.0,49.99,Supplier D,Out of Stock,2023-04-25,0,0.0,1211.0
1243,Gadget Z,Toys,Warehouse 2,Aisle 1,0.0,9.99,Supplier B,In Stock,2023-04-25,0,0.0,1211.0
1831,Gadget Z,Toys,Warehouse 2,Aisle 4,300.0,29.99,Supplier D,Low Stock,2022-12-20,0,8997.0,1337.0
1504,Widget C,Clothing,Warehouse 3,Aisle 3,50.0,19.99,Supplier C,Out of Stock,2022-12-20,0,999.4999999999999,1337.0
1484,Widget B,Clothing,Warehouse 3,Aisle 2,100.0,29.99,Supplier C,In Stock,2022-12-20,0,2999.0,1337.0
1818,Gadget X,Toys,Warehouse 3,Aisle 4,150.0,29.99,Supplier B,Low Stock,,1,4498.5,
1646,Widget A,Electronics,Warehouse 1,Aisle 2,0.0,49.99,Supplier A,In Stock,2023-01-15,0,0.0,1311.0
1840,Gadget X,Electronics,Warehouse 2,Aisle 3,150.0,49.99,Supplier C,In Stock,2023-04-25,0,7498.5,1211.0
1166,Gadget Y,Furniture,Warehouse 2,Aisle 3,50.0,29.99,Supplier C,In Stock,,1,1499.5,
1273,Gadget Z,Toys,Warehouse 1,Aisle 3,300.0,29.99,Supplier A,In Stock,2023-04-25,0,8997.0,1211.0
1387,Gadget Z,Toys,Warehouse 2,Aisle 3,0.0,29.99,Supplier C,Low Stock,,1,0.0,
1600,Widget C,Clothing,Warehouse 2,Aisle 1,0.0,29.99,Supplier D,Low Stock,2022-12-20,0,0.0,1337.0
1315,Widget A,Toys,Warehouse 3,Aisle 1,100.0,49.99,Supplier B,In Stock,2023-01-15,0,4999.0,1311.0
1013,Widget A,Toys,Warehouse 2,Aisle 5,50.0,19.99,Supplier C,Low Stock,2023-04-25,0,999.4999999999999,1211.0
1241,Gadget Y,Furniture,Warehouse 1,Aisle 2,300.0,29.99,Supplier D,Low Stock,,1,8997.0,
1776,Gadget Y,Toys,Warehouse 3,Aisle 4,300.0,49.99,Supplier C,Out of Stock,2023-03-05,0,14997.0,1262.0
1345,Gadget Z,Furniture,Warehouse 3,Aisle 4,0.0,19.99,Supplier A,In Stock,2022-12-20,0,0.0,1337.0
1564,Widget B,Furniture,Warehouse 1,Aisle 1,100.0,29.99,Supplier C,Low Stock,2023-01-15,0,2999.0,1311.0
1897,Widget C,Furniture,Warehouse 3,Aisle 4,100.0,29.99,Supplier C,Low Stock,2022-12-20,0,2999.0,1337.0
1339,Widget C,Furniture,Warehouse 3,Aisle 1,300.0,9.99,Supplier B,In Stock,2023-03-05,0,2997.0,1262.0
1091,Gadget Z,Electronics,Warehouse 1,Aisle 5,300.0,49.99,Supplier A,Out of Stock,2023-01-15,0,14997.0,1311.0
1366,Gadget X,Clothing,Warehouse 3,Aisle 2,150.0,19.99,Supplier A,In Stock,2023-03-05,0,2998.4999999999995,1262.0
1454,Gadget Z,Toys,Warehouse 1,Aisle 3,150.0,29.99,Supplier C,In Stock,,1,4498.5,
1427,Widget B,Electronics,Warehouse 2,Aisle 3,100.0,19.99,Supplier D,In Stock,2022-12-20,0,1998.9999999999998,1337.0
1508,Widget B,Electronics,Warehouse 2,Aisle 3,0.0,49.99,Supplier A,In Stock,2022-12-20,0,0.0,1337.0
1775,Widget B,Toys,Warehouse 3,Aisle 5,0.0,9.99,Supplier A,In Stock,2022-12-20,0,0.0,1337.0
1942,Gadget Z,Toys,Warehouse 3,Aisle 4,150.0,29.99,Supplier C,Out of Stock,2023-04-25,0,4498.5,1211.0
1034,Widget C,Toys,Warehouse 1,Aisle 2,0.0,19.99,Supplier C,Out of Stock,2023-03-05,0,0.0,1262.0
1205,Widget C,Electronics,Warehouse 3,Aisle 3,50.0,19.99,Supplier A,Low Stock,2023-03-05,0,999.4999999999999,1262.0
1080,Widget B,Electronics,Warehouse 1,Aisle 3,150.0,19.99,Supplier C,In Stock,2023-03-05,0,2998.4999999999995,1262.0
1931,Gadget X,Toys,Warehouse 1,Aisle 3,0.0,49.99,Supplier D,Out of Stock,2023-04-25,0,0.0,1211.0
1561,Widget A,Clothing,Warehouse 3,Aisle 2,50.0,49.99,Supplier A,Out of Stock,,1,2499.5,
1001,Gadget X,Toys,Warehouse 3,Aisle 3,150.0,19.99,Supplier C,Low Stock,2023-04-25,0,2998.4999999999995,1211.0
1389,Gadget Z,Furniture,Warehouse 2,Aisle 5,100.0,29.99,Supplier D,Out of Stock,2023-03-05,0,2999.0,1262.0
1565,Widget B,Clothing,Warehouse 3,Aisle 5,0.0,49.99,Supplier C,In Stock,2022-12-20,0,0.0,1337.0
1105,Widget C,Furniture,Warehouse 1,Aisle 2,0.0,49.99,Supplier B,Out of Stock,2023-01-15,0,0.0,1311.0
1771,Widget A,Toys,Warehouse 3,Aisle 5,0.0,19.99,Supplier C,Out of Stock,2023-01-15,0,0.0,1311.0
1821,Gadget Y,Toys,Warehouse 2,Aisle 2,50.0,49.99,Supplier D,Low Stock,,1,2499.5,
1476,Gadget Y,Toys,Warehouse 1,Aisle 5,0.0,29.99,Supplier B,Out of Stock,2023-03-05,0,0.0,1262.0
1702,Gadget X,Electronics,Warehouse 3,Aisle 5,100.0,29.99,Supplier C,Out of Stock,2023-01-15,0,2999.0,1311.0
1401,Widget B,Furniture,Warehouse 3,Aisle 2,150.0,49.99,Supplier D,In Stock,,1,7498.5,
1729,Widget A,Clothing,Warehouse 3,Aisle 4,150.0,19.99,Supplier A,In Stock,2023-04-25,0,2998.4999999999995,1211.0
1555,Widget B,Clothing,Warehouse 2,Aisle 5,0.0,19.99,Supplier A,Low Stock,,1,0.0,
1161,Widget A,Clothing,Warehouse 2,Aisle 3,0.0,19.99,Supplier C,In Stock,,1,0.0,
1201,Gadget X,Electronics,Warehouse 3,Aisle 4,100.0,9.99,Supplier C,In Stock,,1,999.0,
1995,Gadget Y,Toys,Warehouse 1,Aisle 4,300.0,19.99,Supplier D,Out of Stock,,1,5996.999999999999,
1269,Widget B,Clothing,Warehouse 2,Aisle 1,150.0,29.99,Supplier D,Low Stock,,1,4498.5,
1862,Gadget Z,Electronics,Warehouse 1,Aisle 1,0.0,29.99,Supplier D,In Stock,2022-12-20,0,0.0,1337.0
1815,Gadget Y,Toys,Warehouse 2,Aisle 5,300.0,29.99,Supplier C,Low Stock,2022-12-20,0,8997.0,1337.0
1455,Gadget Y,Furniture,Warehouse 2,Aisle 3,100.0,29.99,Supplier B,Low Stock,2023-03-05,0,2999.0,1262.0
1461,Gadget Z,Toys,Warehouse 2,Aisle 4,0.0,29.99,Supplier B,In Stock,2023-01-15,0,0.0,1311.0
1726,Widget C,Electronics,Warehouse 3,Aisle 1,0.0,9.99,Supplier B,In Stock,2023-01-15,0,0.0,1311.0
1251,Widget C,Electronics,Warehouse 1,Aisle 5,100.0,29.99,Supplier B,Low Stock,,1,2999.0,
1701,Widget C,Toys,Warehouse 2,Aisle 4,100.0,29.99,Supplier C,Out of Stock,2023-04-25,0,2999.0,1211.0
1295,Widget C,Toys,Warehouse 2,Aisle 5,150.0,9.99,Supplier C,Low Stock,,1,1498.5,
1724,Widget A,Electronics,Warehouse 3,Aisle 5,150.0,9.99,Supplier B,Out of Stock,2023-01-15,0,1498.5,1311.0
1719,Widget C,Furniture,Warehouse 1,Aisle 1,100.0,29.99,Supplier C,Out of Stock,2022-12-20,0,2999.0,1337.0
1748,Gadget Z,Clothing,Warehouse 2,Aisle 1,300.0,49.99,Supplier C,Low Stock,2023-03-05,0,14997.0,1262.0
1337,Gadget X,Furniture,Warehouse 3,Aisle 5,50.0,29.99,Supplier B,Out of Stock,2023-04-25,0,1499.5,1211.0
1878,Gadget X,Toys,Warehouse 2,Aisle 2,150.0,9.99,Supplier D,In Stock,2022-12-20,0,1498.5,1337.0
1052,Widget A,Furniture,Warehouse 3,Aisle 5,50.0,29.99,Supplier C,Low Stock,2023-03-05,0,1499.5,1262.0
1791,Widget C,Electronics,Warehouse 1,Aisle 5,300.0,29.99,Supplier D,Out of Stock,2023-04-25,0,8997.0,1211.0
1921,Widget C,Toys,Warehouse 1,Aisle 3,100.0,49.99,Supplier C,In Stock,2023-04-25,0,4999.0,1211.0
1216,Widget C,Clothing,Warehouse 1,Aisle 3,300.0,29.99,Supplier C,Low Stock,2023-01-15,0,8997.0,1311.0
1763,Gadget Y,Electronics,Warehouse 1,Aisle 3,150.0,19.99,Supplier B,In Stock,2022-12-20,0,2998.4999999999995,1337.0
1187,Widget B,Electronics,Warehouse 2,Aisle 2,0.0,29.99,Supplier C,In Stock,2023-04-25,0,0.0,1211.0
1379,Gadget Y,Clothing,Warehouse 2,Aisle 2,100.0,9.99,Supplier A,In Stock,2023-04-25,0,999.0,1211.0
1492,Widget B,Clothing,Warehouse 1,Aisle 5,0.0,29.99,Supplier A,Out of Stock,2023-03-05,0,0.0,1262.0
1040,Widget C,Furniture,Warehouse 1,Aisle 3,50.0,29.99,Supplier B,Low Stock,2023-01-15,0,1499.5,1311.0
1156,Widget C,Toys,Warehouse 1,Aisle 2,300.0,9.99,Supplier D,Low Stock,,1,2997.0,
1014,Gadget Y,Clothing,Warehouse 2,Aisle 1,100.0,19.99,Supplier D,Out of Stock,2023-01-15,0,1998.9999999999998,1311.0
1812,Gadget Y,Clothing,Warehouse 1,Aisle 5,300.0,9.99,Supplier D,Low Stock,,1,2997.0,
1064,Widget B,Toys,Warehouse 1,Aisle 4,100.0,29.99,Supplier A,In Stock,2022-12-20,0,2999.0,1337.0
1838,Widget B,Clothing,Warehouse 3,Aisle 4,150.0,9.99,Supplier D,Out of Stock,2023-04-25,0,1498.5,1211.0
1520,Gadget Y,Furniture,Warehouse 1,Aisle 3,150.0,19.99,Supplier B,In Stock,2022-12-20,0,2998.4999999999995,1337.0
1128,Gadget Y,Electronics,Warehouse 3,Aisle 3,0.0,49.99,Supplier A,In Stock,2023-01-15,0,0.0,1311.0
1647,Gadget Z,Electronics,Warehouse 1,Aisle 1,150.0,49.99,Supplier A,In Stock,2022-12-20,0,7498.5,1337.0
1471,Widget A,Electronics,Warehouse 3,Aisle 4,100.0,29.99,Supplier A,Low Stock,2023-01-15,0,2999.0,1311.0
1062,Gadget Y,Clothing,Warehouse 1,Aisle 5,150.0,9.99,Supplier B,In Stock,2023-01-15,0,1498.5,1311.0
1138,Widget A,Toys,Warehouse 2,Aisle 3,0.0,29.99,Supplier B,Out of Stock,2022-12-20,0,0.0,1337.0
1498,Gadget X,Toys,Warehouse 2,Aisle 5,150.0,19.99,Supplier C,Low Stock,2023-01-15,0,2998.4999999999995,1311.0
1592,Widget B,Furniture,Warehouse 2,Aisle 2,300.0,49.99,Supplier D,Out of Stock,2022-12-20,0,14997.0,1337.0
1391,Gadget Z,Furniture,Warehouse 2,Aisle 3,0.0,9.99,Supplier B,In Stock,2022-12-20,0,0.0,1337.0
1674,Widget B,Clothing,Warehouse 3,Aisle 4,0.0,19.99,Supplier A,Out of Stock,2022-12-20,0,0.0,1337.0
1418,Widget A,Toys,Warehouse 1,Aisle 3,300.0,19.99,Supplier A,Out of Stock,,1,5996.999999999999,
1288,Gadget Z,Toys,Warehouse 1,Aisle 5,300.0,9.99,Supplier B,In Stock,2023-01-15,0,2997.0,1311.0
1378,Widget B,Electronics,Warehouse 1,Aisle 1,300.0,19.99,Supplier B,Low Stock,2023-03-05,0,5996.999999999999,1262.0
1772,Gadget Y,Clothing,Warehouse 2,Aisle 3,100.0,9.99,Supplier B,Out of Stock,2022-12-20,0,999.0,1337.0
1489,Widget C,Clothing,Warehouse 2,Aisle 4,300.0,9.99,Supplier C,In Stock,2023-01-15,0,2997.0,1311.0
1230,Widget A,Electronics,Warehouse 1,Aisle 2,100.0,29.99,Supplier A,Low Stock,2023-04-25,0,2999.0,1211.0
1027,Widget A,Clothing,Warehouse 1,Aisle 2,50.0,19.99,Supplier C,Low Stock,2022-12-20,0,999.4999999999999,1337.0
1134,Widget A,Furniture,Warehouse 1,Aisle 3,0.0,19.99,Supplier D,Out of Stock,2023-03-05,0,0.0,1262.0
1200,Gadget Z,Toys,Warehouse 1,Aisle 5,50.0,29.99,Supplier A,Out of Stock,,1,1499.5,
1839,Gadget Z,Clothing,Warehouse 1,Aisle 5,300.0,29.99,Supplier A,Out of Stock,,1,8997.0,
1779,Widget C,Furniture,Warehouse 1,Aisle 4,0.0,29.99,Supplier B,Low Stock,2022-12-20,0,0.0,1337.0
1929,Gadget Y,Toys,Warehouse 1,Aisle 5,0.0,49.99,Supplier B,Out of Stock,2023-01-15,0,0.0,1311.0
1032,Widget A,Electronics,Warehouse 1,Aisle 1,0.0,49.99,Supplier D,In Stock,2023-04-25,0,0.0,1211.0
1047,Widget B,Furniture,Warehouse 2,Aisle 5,50.0,49.99,Supplier C,Out of Stock,2023-04-25,0,2499.5,1211.0
1502,Gadget X,Furniture,Warehouse 1,Aisle 4,0.0,9.99,Supplier B,Out of Stock,2023-01-15,0,0.0,1311.0
1406,Widget A,Toys,Warehouse 1,Aisle 3,0.0,19.99,Supplier B,Low Stock,2022-12-20,0,0.0,1337.0
1573,Widget A,Electronics,Warehouse 2,Aisle 3,100.0,29.99,Supplier A,Out of Stock,2023-04-25,0,2999.0,1211.0
1727,Widget C,Furniture,Warehouse 2,Aisle 5,0.0,9.99,Supplier A,In Stock,,1,0.0,
1804,Gadget Y,Clothing,Warehouse 2,Aisle 2,0.0,19.99,Supplier B,Low Stock,2023-01-15,0,0.0,1311.0
1098,Gadget X,Clothing,Warehouse 1,Aisle 3,50.0,19.99,Supplier A,In Stock,2023-03-05,0,999.4999999999999,1262.0
1683,Gadget Z,Clothing,Warehouse 3,Aisle 5,300.0,29.99,Supplier D,Low Stock,2022-12-20,0,8997.0,1337.0
1725,Widget B,Furniture,Warehouse 2,Aisle 5,50.0,9.99,Supplier A,Out of Stock,2023-04-25,0,499.5,1211.0
1986,Gadget X,Clothing,Warehouse 3,Aisle 3,300.0,29.99,Supplier D,In Stock,2022-12-20,0,8997.0,1337.0
1546,Gadget Z,Electronics,Warehouse 2,Aisle 4,300.0,19.99,Supplier A,Low Stock,,1,5996.999999999999,
1960,Widget B,Clothing,Warehouse 1,Aisle 5,0.0,29.99,Supplier A,Out of Stock,2022-12-20,0,0.0,1337.0
1738,Gadget Y,Toys,Warehouse 3,Aisle 1,50.0,49.99,Supplier A,Low Stock,2022-12-20,0,2499.5,1337.0
1612,Widget B,Furniture,Warehouse 1,Aisle 4,150.0,29.99,Supplier B,Low Stock,,1,4498.5,
1642,Widget C,Electronics,Warehouse 3,Aisle 4,300.0,29.99,Supplier D,Low Stock,,1,8997.0,
1768,Widget C,Furniture,Warehouse 1,Aisle 1,100.0,29.99,Supplier B,Low Stock,2023-01-15,0,2999.0,1311.0
1004,Gadget Z,Clothing,Warehouse 1,Aisle 3,50.0,19.99,Supplier B,Out of Stock,,1,999.4999999999999,
1217,Widget C,Clothing,Warehouse 3,Aisle 3,50.0,29.99,Supplier D,Low Stock,,1,1499.5,
1766,Gadget Y,Clothing,Warehouse 1,Aisle 4,0.0,49.99,Supplier C,Out of Stock,2023-01-15,0,0.0,1311.0
1397,Widget B,Electronics,Warehouse 1,Aisle 4,100.0,29.99,Supplier A,In Stock,2023-03-05,0,2999.0,1262.0
1870,Widget B,Electronics,Warehouse 3,Aisle 4,150.0,19.99,Supplier D,Low Stock,2023-03-05,0,2998.4999999999995,1262.0
1794,Gadget Z,Clothing,Warehouse 3,Aisle 2,0.0,19.99,Supplier B,In Stock,2023-04-25,0,0.0,1211.0
1392,Widget C,Electronics,Warehouse 1,Aisle 4,0.0,29.99,Supplier C,Low Stock,,1,0.0,
1206,Widget C,Furniture,Warehouse 1,Aisle 3,50.0,29.99,Supplier B,Low Stock,,1,1499.5,
1857,Gadget Y,Clothing,Warehouse 3,Aisle 3,300.0,29.99,Supplier A,Out of Stock,2023-03-05,0,8997.0,1262.0
1553,Gadget X,Furniture,Warehouse 1,Aisle 3,100.0,29.99,Supplier C,Low Stock,2023-04-25,0,2999.0,1211.0
1891,Widget B,Furniture,Warehouse 1,Aisle 1,0.0,49.99,Supplier B,Out of Stock,2023-01-15,0,0.0,1311.0
1460,Widget A,Toys,Warehouse 1,Aisle 3,150.0,29.99,Supplier B,In Stock,,1,4498.5,
1690,Widget A,Toys,Warehouse 2,Aisle 2,150.0,9.99,Supplier B,Out of Stock,2023-03-05,0,1498.5,1262.0
1574,Gadget Z,Furniture,Warehouse 3,Aisle 1,100.0,49.99,Supplier A,Out of Stock,2023-04-25,0,4999.0,1211.0
1863,Widget B,Clothing,Warehouse 2,Aisle 3,150.0,9.99,Supplier C,In Stock,2022-12-20,0,1498.5,1337.0
1742,Gadget Z,Toys,Warehouse 3,Aisle 5,150.0,29.99,Supplier A,Out of Stock,2023-03-05,0,4498.5,1262.0
1240,Gadget X,Electronics,Warehouse 3,Aisle 3,150.0,49.99,Supplier A,Low Stock,2023-04-25,0,7498.5,1211.0
1563,Widget A,Electronics,Warehouse 3,Aisle 2,0.0,49.99,Supplier A,In Stock,2023-01-15,0,0.0,1311.0
1095,Widget A,Electronics,Warehouse 3,Aisle 4,100.0,19.99,Supplier D,Low Stock,2022-12-20,0,1998.9999999999998,1337.0
1899,Gadget Y,Clothing,Warehouse 3,Aisle 3,150.0,29.99,Supplier D,In Stock,2023-04-25,0,4498.5,1211.0
1733,Gadget X,Furniture,Warehouse 3,Aisle 4,150.0,29.99,Supplier D,Low Stock,2023-04-25,0,4498.5,1211.0
1654,Widget A,Toys,Warehouse 2,Aisle 5,100.0,49.99,Supplier A,In Stock,2023-04-25,0,4999.0,1211.0
1170,Gadget Y,Clothing,Warehouse 2,Aisle 1,150.0,29.99,Supplier A,Low Stock,,1,4498.5,
1540,Widget B,Electronics,Warehouse 2,Aisle 1,100.0,29.99,Supplier B,Low Stock,2023-03-05,0,2999.0,1262.0
1035,Gadget X,Electronics,Warehouse 2,Aisle 1,100.0,49.99,Supplier A,In Stock,2022-12-20,0,4999.0,1337.0
1524,Gadget Z,Clothing,Warehouse 3,Aisle 1,300.0,49.99,Supplier B,In Stock,2023-01-15,0,14997.0,1311.0
1159,Widget B,Electronics,Warehouse 1,Aisle 3,100.0,49.99,Supplier A,Low Stock,,1,4999.0,
1698,Gadget X,Clothing,Warehouse 1,Aisle 3,100.0,29.99,Supplier D,Out of Stock,2023-01-15,0,2999.0,1311.0
1242,Widget C,Toys,Warehouse 1,Aisle 5,50.0,29.99,Supplier B,In Stock,,1,1499.5,
1085,Widget B,Clothing,Warehouse 2,Aisle 5,150.0,29.99,Supplier D,In Stock,2022-12-20,0,4498.5,1337.0
1795,Widget A,Furniture,Warehouse 3,Aisle 5,50.0,49.99,Supplier B,Low Stock,2022-12-20,0,2499.5,1337.0
1577,Gadget Y,Furniture,Warehouse 2,Aisle 2,150.0,19.99,Supplier B,Out of Stock,,1,2998.4999999999995,
1556,Gadget X,Clothing,Warehouse 1,Aisle 3,50.0,49.99,Supplier C,Out of Stock,2023-04-25,0,2499.5,1211.0
1952,Widget B,Furniture,Warehouse 2,Aisle 2,0.0,29.99,Supplier B,Out of Stock,2022-12-20,0,0.0,1337.0
1645,Widget C,Clothing,Warehouse 1,Aisle 2,100.0,49.99,Supplier C,Low Stock,2023-01-15,0,4999.0,1311.0
1619,Gadget Z,Clothing,Warehouse 2,Aisle 2,100.0,29.99,Supplier B,In Stock,,1,2999.0,
1797,Widget A,Electronics,Warehouse 3,Aisle 1,100.0,49.99,Supplier C,Out of Stock,2023-01-15,0,4999.0,1311.0
1639,Gadget Y,Electronics,Warehouse 1,Aisle 2,50.0,29.99,Supplier D,Low Stock,2023-01-15,0,1499.5,1311.0
1505,Gadget Z,Furniture,Warehouse 3,Aisle 2,0.0,19.99,Supplier D,Out of Stock,2023-04-25,0,0.0,1211.0
1347,Gadget Z,Electronics,Warehouse 2,Aisle 1,50.0,49.99,Supplier D,Out of Stock,,1,2499.5,
1472,Gadget X,Electronics,Warehouse 2,Aisle 3,300.0,29.99,Supplier A,In Stock,2022-12-20,0,8997.0,1337.0
1224,Gadget Z,Furniture,Warehouse 3,Aisle 1,150.0,29.99,Supplier C,In Stock,2023-03-05,0,4498.5,1262.0
1384,Gadget Z,Toys,Warehouse 2,Aisle 5,50.0,29.99,Supplier C,Out of Stock,2023-03-05,0,1499.5,1262.0
1376,Gadget Z,Furniture,Warehouse 3,Aisle 1,50.0,29.99,Supplier D,Out of Stock,2023-04-25,0,1499.5,1211.0
1282,Widget A,Furniture,Warehouse 2,Aisle 5,0.0,9.99,Supplier A,Out of Stock,2023-01-15,0,0.0,1311.0
1632,Widget C,Furniture,Warehouse 1,Aisle 5,150.0,29.99,Supplier B,Low Stock,2022-12-20,0,4498.5,1337.0
1627,Gadget Y,Furniture,Warehouse 2,Aisle 4,50.0,29.99,Supplier A,Low Stock,2023-03-05,0,1499.5,1262.0
1972,Gadget X,Furniture,Warehouse 3,Aisle 1,50.0,9.99,Supplier C,In Stock,,1,499.5,
1744,Gadget Z,Furniture,Warehouse 1,Aisle 1,150.0,29.99,Supplier D,In Stock,2023-03-05,0,4498.5,1262.0
1258,Widget B,Toys,Warehouse 1,Aisle 4,300.0,9.99,Supplier D,In Stock,2023-03-05,0,2997.0,1262.0
1358,Gadget X,Furniture,Warehouse 3,Aisle 3,300.0,29.99,Supplier B,Low Stock,2022-12-20,0,8997.0,1337.0
1709,Gadget X,Furniture,Warehouse 2,Aisle 2,100.0,19.99,Supplier B,Out of Stock,2023-04-25,0,1998.9999999999998,1211.0
1410,Gadget X,Clothing,Warehouse 1,Aisle 2,50.0,49.99,Supplier B,Out of Stock,2023-04-25,0,2499.5,1211.0
1648,Gadget Z,Electronics,Warehouse 2,Aisle 4,0.0,29.99,Supplier C,In Stock,,1,0.0,
1317,Gadget Z,Clothing,Warehouse 2,Aisle 3,300.0,29.99,Supplier B,In Stock,2023-04-25,0,8997.0,1211.0
1676,Widget A,Toys,Warehouse 2,Aisle 3,300.0,49.99,Supplier B,In Stock,,1,14997.0,
1233,Widget C,Toys,Warehouse 2,Aisle 5,0.0,49.99,Supplier A,Out of Stock,2022-12-20,0,0.0,1337.0
1974,Widget B,Furniture,Warehouse 3,Aisle 5,100.0,49.99,Supplier B,Low Stock,,1,4999.0,
1826,Widget C,Electronics,Warehouse 2,Aisle 5,100.0,19.99,Supplier B,In Stock,2023-03-05,0,1998.9999999999998,1262.0
1373,Widget B,Toys,Warehouse 2,Aisle 3,150.0,9.99,Supplier A,Out of Stock,2023-03-05,0,1498.5,1262.0
1671,Widget C,Toys,Warehouse 3,Aisle 3,0.0,19.99,Supplier A,Low Stock,,1,0.0,
1607,Gadget Y,Clothing,Warehouse 3,Aisle 2,0.0,29.99,Supplier A,Low Stock,2023-01-15,0,0.0,1311.0
1232,Gadget Y,Furniture,Warehouse 1,Aisle 2,150.0,19.99,Supplier C,Out of Stock,2023-01-15,0,2998.4999999999995,1311.0
1691,Gadget Z,Clothing,Warehouse 3,Aisle 2,300.0,29.99,Supplier A,In Stock,,1,8997.0,
1112,Widget B,Clothing,Warehouse 2,Aisle 4,0.0,9.99,Supplier B,In Stock,,1,0.0,
1829,Gadget Z,Clothing,Warehouse 1,Aisle 4,150.0,49.99,Supplier A,Out of Stock,2022-12-20,0,7498.5,1337.0
1496,Gadget X,Furniture,Warehouse 1,Aisle 2,50.0,49.99,Supplier C,In Stock,2023-04-25,0,2499.5,1211.0
1441,Widget C,Clothing,Warehouse 2,Aisle 2,0.0,29.99,Supplier B,Out of Stock,2023-04-25,0,0.0,1211.0
1267,Widget A,Clothing,Warehouse 2,Aisle 5,50.0,19.99,Supplier B,Low Stock,2023-04-25,0,999.4999999999999,1211.0
1509,Gadget X,Furniture,Warehouse 2,Aisle 4,50.0,29.99,Supplier C,In Stock,2023-03-05,0,1499.5,1262.0
1806,Widget A,Toys,Warehouse 2,Aisle 2,50.0,29.99,Supplier B,Out of Stock,2023-04-25,0,1499.5,1211.0
1386,Widget A,Toys,Warehouse 3,Aisle 3,300.0,19.99,Supplier B,Low Stock,2023-04-25,0,5996.999999999999,1211.0
1624,Gadget Z,Clothing,Warehouse 2,Aisle 1,0.0,9.99,Supplier C,In Stock,2023-03-05,0,0.0,1262.0
1951,Gadget Y,Clothing,Warehouse 3,Aisle 1,50.0,49.99,Supplier C,Low Stock,2022-12-20,0,2499.5,1337.0
1641,Widget C,Furniture,Warehouse 2,Aisle 3,50.0,29.99,Supplier D,Out of Stock,2023-01-15,0,1499.5,1311.0
1219,Widget C,Toys,Warehouse 2,Aisle 5,50.0,19.99,Supplier B,Low Stock,2023-01-15,0,999.4999999999999,1311.0
1854,Gadget Z,Toys,Warehouse 1,Aisle 1,50.0,29.99,Supplier B,Out of Stock,2023-01-15,0,1499.5,1311.0
1996,Widget B,Electronics,Warehouse 3,Aisle 1,0.0,9.99,Supplier A,In Stock,2023-01-15,0,0.0,1311.0
1735,Widget B,Clothing,Warehouse 3,Aisle 1,300.0,9.99,Supplier D,In Stock,,1,2997.0,
1402,Gadget X,Toys,Warehouse 3,Aisle 4,0.0,9.99,Supplier D,Low Stock,,1,0.0,
1637,Widget B,Furniture,Warehouse 3,Aisle 4,0.0,29.99,Supplier B,Out of Stock,2023-03-05,0,0.0,1262.0
1129,Gadget Y,Furniture,Warehouse 3,Aisle 4,0.0,49.99,Supplier C,In Stock,2023-01-15,0,0.0,1311.0
1415,Widget A,Electronics,Warehouse 1,Aisle 4,0.0,29.99,Supplier C,Low Stock,2022-12-20,0,0.0,1337.0
1246,Widget A,Toys,Warehouse 3,Aisle 5,150.0,19.99,Supplier C,Out of Stock,2023-04-25,0,2998.4999999999995,1211.0
1835,Widget C,Furniture,Warehouse 3,Aisle 3,150.0,29.99,Supplier D,In Stock,2023-01-15,0,4498.5,1311.0
1438,Gadget Z,Toys,Warehouse 2,Aisle 2,300.0,19.99,Supplier B,Low Stock,,1,5996.999999999999,
1202,Widget C,Toys,Warehouse 3,Aisle 4,0.0,29.99,Supplier C,In Stock,2023-03-05,0,0.0,1262.0
1183,Gadget Z,Furniture,Warehouse 3,Aisle 2,0.0,29.99,Supplier D,Low Stock,2023-04-25,0,0.0,1211.0
1122,Widget A,Clothing,Warehouse 1,Aisle 2,100.0,49.99,Supplier C,In Stock,2023-03-05,0,4999.0,1262.0
1400,Gadget Y,Electronics,Warehouse 2,Aisle 2,50.0,29.99,Supplier B,Low Stock,2023-04-25,0,1499.5,1211.0
1293,Gadget X,Electronics,Warehouse 3,Aisle 1,50.0,29.99,Supplier D,Out of Stock,2022-12-20,0,1499.5,1337.0
1279,Gadget X,Toys,Warehouse 1,Aisle 4,0.0,19.99,Supplier D,In Stock,2023-03-05,0,0.0,1262.0
1836,Widget B,Electronics,Warehouse 1,Aisle 1,150.0,29.99,Supplier C,Low Stock,2023-03-05,0,4498.5,1262.0
1883,Gadget Z,Toys,Warehouse 3,Aisle 1,50.0,9.99,Supplier B,In Stock,2022-12-20,0,499.5,1337.0
1609,Gadget Y,Clothing,Warehouse 2,Aisle 1,0.0,19.99,Supplier D,Out of Stock,2023-03-05,0,0.0,1262.0
1197,Widget C,Toys,Warehouse 2,Aisle 2,100.0,9.99,Supplier A,In Stock,2023-03-05,0,999.0,1262.0
1981,Widget A,Clothing,Warehouse 1,Aisle 5,0.0,19.99,Supplier B,Low Stock,2023-04-25,0,0.0,1211.0
1906,Widget B,Furniture,Warehouse 1,Aisle 2,300.0,29.99,Supplier A,Low Stock,2023-04-25,0,8997.0,1211.0
1751,Widget C,Furniture,Warehouse 1,Aisle 1,0.0,29.99,Supplier D,Low Stock,2023-01-15,0,0.0,1311.0
1143,Widget C,Toys,Warehouse 3,Aisle 2,100.0,9.99,Supplier D,In Stock,2023-03-05,0,999.0,1262.0
1608,Widget A,Furniture,Warehouse 2,Aisle 1,50.0,49.99,Supplier C,In Stock,2023-01-15,0,2499.5,1311.0
1123,Gadget X,Clothing,Warehouse 3,Aisle 4,0.0,29.99,Supplier C,Low Stock,2022-12-20,0,0.0,1337.0
1186,Gadget Y,Clothing,Warehouse 1,Aisle 1,0.0,19.99,Supplier B,In Stock,2023-04-25,0,0.0,1211.0
1325,Widget C,Electronics,Warehouse 2,Aisle 5,0.0,9.99,Supplier C,In Stock,2023-03-05,0,0.0,1262.0
1463,Widget A,Toys,Warehouse 1,Aisle 4,150.0,49.99,Supplier A,In Stock,,1,7498.5,
1348,Gadget Y,Toys,Warehouse 2,Aisle 3,150.0,9.99,Supplier C,Out of Stock,2022-12-20,0,1498.5,1337.0
1770,Gadget Z,Clothing,Warehouse 3,Aisle 1,300.0,19.99,Supplier D,Low Stock,2023-03-05,0,5996.999999999999,1262.0
1659,Gadget X,Furniture,Warehouse 3,Aisle 1,300.0,49.99,Supplier C,Low Stock,2023-01-15,0,14997.0,1311.0
1954,Widget C,Toys,Warehouse 2,Aisle 3,0.0,9.99,Supplier B,Out of Stock,2023-01-15,0,0.0,1311.0
1962,Widget C,Toys,Warehouse 2,Aisle 4,50.0,29.99,Supplier D,Low Stock,2022-12-20,0,1499.5,1337.0
1146,Gadget Z,Electronics,Warehouse 2,Aisle 4,50.0,19.99,Supplier A,In Stock,2022-12-20,0,999.4999999999999,1337.0
1147,Widget B,Toys,Warehouse 2,Aisle 2,100.0,19.99,Supplier C,Low Stock,2023-04-25,0,1998.9999999999998,1211.0
1710,Gadget X,Electronics,Warehouse 1,Aisle 5,50.0,19.99,Supplier B,Out of Stock,,1,999.4999999999999,
1819,Widget A,Furniture,Warehouse 2,Aisle 3,0.0,29.99,Supplier B,Low Stock,2022-12-20,0,0.0,1337.0
1488,Gadget Y,Electronics,Warehouse 2,Aisle 1,300.0,9.99,Supplier A,Out of Stock,2022-12-20,0,2997.0,1337.0
1928,Widget B,Toys,Warehouse 1,Aisle 4,300.0,29.99,Supplier C,Low Stock,2023-04-25,0,8997.0,1211.0
1935,Widget A,Furniture,Warehouse 2,Aisle 3,0.0,19.99,Supplier B,In Stock,2023-04-25,0,0.0,1211.0
1550,Gadget Z,Clothing,Warehouse 1,Aisle 1,0.0,19.99,Supplier B,Low Stock,2023-01-15,0,0.0,1311.0
1640,Gadget Z,Clothing,Warehouse 3,Aisle 5,0.0,29.99,Supplier A,Out of Stock,2023-01-15,0,0.0,1311.0
1778,Widget A,Clothing,Warehouse 3,Aisle 1,0.0,29.99,Supplier B,Low Stock,2023-01-15,0,0.0,1311.0
1987,Widget A,Clothing,Warehouse 2,Aisle 4,0.0,19.99,Supplier B,Low Stock,,1,0.0,
1945,Widget A,Clothing,Warehouse 2,Aisle 2,0.0,29.99,Supplier C,In Stock,2023-04-25,0,0.0,1211.0
1150,Widget B,Clothing,Warehouse 3,Aisle 5,0.0,29.99,Supplier B,Out of Stock,2023-03-05,0,0.0,1262.0
1414,Gadget Z,Furniture,Warehouse 1,Aisle 5,300.0,29.99,Supplier D,In Stock,,1,8997.0,
1989,Gadget Y,Electronics,Warehouse 2,Aisle 3,100.0,19.99,Supplier B,In Stock,2023-04-25,0,1998.9999999999998,1211.0
1297,Widget C,Toys,Warehouse 2,Aisle 5,300.0,9.99,Supplier C,Out of Stock,2023-04-25,0,2997.0,1211.0
1610,Widget C,Clothing,Warehouse 3,Aisle 5,300.0,19.99,Supplier D,In Stock,2022-12-20,0,5996.999999999999,1337.0
1262,Gadget Z,Electronics,Warehouse 2,Aisle 1,100.0,49.99,Supplier C,In Stock,2023-01-15,0,4999.0,1311.0
1623,Widget B,Furniture,Warehouse 2,Aisle 4,300.0,29.99,Supplier B,Out of Stock,2023-04-25,0,8997.0,1211.0
1571,Gadget X,Clothing,Warehouse 3,Aisle 1,150.0,49.99,Supplier C,Out of Stock,2023-01-15,0,7498.5,1311.0
1880,Gadget Y,Clothing,Warehouse 1,Aisle 1,100.0,49.99,Supplier B,In Stock,,1,4999.0,
1896,Gadget X,Toys,Warehouse 2,Aisle 4,150.0,49.99,Supplier A,Out of Stock,,1,7498.5,
1303,Gadget Z,Furniture,Warehouse 2,Aisle 3,0.0,19.99,Supplier D,In Stock,2023-04-25,0,0.0,1211.0
1253,Widget C,Clothing,Warehouse 1,Aisle 3,150.0,19.99,Supplier A,Out of Stock,2022-12-20,0,2998.4999999999995,1337.0
1651,Gadget X,Furniture,Warehouse 1,Aisle 4,0.0,19.99,Supplier A,Low Stock,2023-03-05,0,0.0,1262.0
1452,Gadget Y,Toys,Warehouse 1,Aisle 5,300.0,29.99,Supplier B,Low Stock,2023-01-15,0,8997.0,1311.0
1036,Gadget Z,Furniture,Warehouse 3,Aisle 2,150.0,29.99,Supplier A,Low Stock,2023-03-05,0,4498.5,1262.0
1008,Widget A,Toys,Warehouse 1,Aisle 5,0.0,29.99,Supplier C,In Stock,2022-12-20,0,0.0,1337.0
1658,Widget C,Electronics,Warehouse 1,Aisle 3,150.0,9.99,Supplier A,Low Stock,,1,1498.5,
1207,Gadget Z,Toys,Warehouse 3,Aisle 3,300.0,49.99,Supplier D,Low Stock,2023-04-25,0,14997.0,1211.0
1403,Gadget Z,Furniture,Warehouse 2,Aisle 1,0.0,29.99,Supplier C,Low Stock,2023-01-15,0,0.0,1311.0
1151,Widget B,Clothing,Warehouse 2,Aisle 4,150.0,19.99,Supplier A,Low Stock,,1,2998.4999999999995,
1053,Widget B,Electronics,Warehouse 2,Aisle 1,0.0,29.99,Supplier B,In Stock,2022-12-20,0,0.0,1337.0
1119,Gadget Y,Toys,Warehouse 3,Aisle 5,0.0,49.99,Supplier D,In Stock,2023-03-05,0,0.0,1262.0
1672,Widget C,Electronics,Warehouse 3,Aisle 2,100.0,29.99,Supplier B,In Stock,,1,2999.0,
1919,Widget B,Toys,Warehouse 3,Aisle 5,0.0,29.99,Supplier D,In Stock,2023-01-15,0,0.0,1311.0
1586,Gadget Z,Clothing,Warehouse 3,Aisle 4,150.0,29.99,Supplier A,In Stock,2022-12-20,0,4498.5,1337.0
1967,Gadget Y,Clothing,Warehouse 3,Aisle 1,300.0,29.99,Supplier B,Low Stock,2023-03-05,0,8997.0,1262.0
1419,Gadget X,Furniture,Warehouse 2,Aisle 1,150.0,29.99,Supplier D,Low Stock,2023-01-15,0,4498.5,1311.0
1421,Gadget Y,Toys,Warehouse 1,Aisle 3,150.0,9.99,Supplier C,Low Stock,2023-01-15,0,1498.5,1311.0
1103,Gadget X,Furniture,Warehouse 2,Aisle 1,50.0,49.99,Supplier A,Out of Stock,,1,2499.5,
1851,Gadget Y,Clothing,Warehouse 2,Aisle 4,150.0,49.99,Supplier A,Low Stock,2023-03-05,0,7498.5,1262.0
1226,Gadget Y,Furniture,Warehouse 1,Aisle 5,300.0,9.99,Supplier C,Out of Stock,2022-12-20,0,2997.0,1337.0
1111,Gadget X,Furniture,Warehouse 3,Aisle 5,0.0,9.99,Supplier C,Out of Stock,2023-01-15,0,0.0,1311.0
1152,Widget C,Furniture,Warehouse 3,Aisle 2,50.0,49.99,Supplier D,Low Stock,,1,2499.5,
1913,Widget C,Electronics,Warehouse 3,Aisle 4,150.0,29.99,Supplier B,In Stock,2023-01-15,0,4498.5,1311.0
1895,Gadget X,Furniture,Warehouse 1,Aisle 4,300.0,29.99,Supplier B,Out of Stock,2023-01-15,0,8997.0,1311.0
1877,Gadget X,Furniture,Warehouse 2,Aisle 4,0.0,29.99,Supplier A,Out of Stock,2023-04-25,0,0.0,1211.0
1705,Widget C,Electronics,Warehouse 1,Aisle 4,50.0,49.99,Supplier B,Out of Stock,2022-12-20,0,2499.5,1337.0
1162,Gadget Y,Furniture,Warehouse 3,Aisle 4,300.0,9.99,Supplier D,Low Stock,2022-12-20,0,2997.0,1337.0
1956,Widget C,Toys,Warehouse 3,Aisle 4,300.0,29.99,Supplier D,Out of Stock,2022-12-20,0,8997.0,1337.0
1680,Gadget Z,Electronics,Warehouse 1,Aisle 3,50.0,49.99,Supplier C,Low Stock,2022-12-20,0,2499.5,1337.0
1579,Gadget Z,Toys,Warehouse 1,Aisle 1,50.0,29.99,Supplier B,Low Stock,2022-12-20,0,1499.5,1337.0
1800,Widget B,Furniture,Warehouse 1,Aisle 1,150.0,49.99,Supplier A,In Stock,2023-01-15,0,7498.5,1311.0
1915,Widget B,Electronics,Warehouse 3,Aisle 5,50.0,19.99,Supplier B,Low Stock,,1,999.4999999999999,
1503,Gadget Y,Clothing,Warehouse 2,Aisle 2,150.0,49.99,Supplier B,Out of Stock,2023-01-15,0,7498.5,1311.0
1194,Widget A,Electronics,Warehouse 3,Aisle 1,150.0,9.99,Supplier A,Low Stock,2022-12-20,0,1498.5,1337.0
1687,Gadget X,Clothing,Warehouse 1,Aisle 1,50.0,29.99,Supplier B,Out of Stock,2023-03-05,0,1499.5,1262.0
1882,Gadget Y,Electronics,Warehouse 2,Aisle 4,50.0,19.99,Supplier B,Low Stock,2022-12-20,0,999.4999999999999,1337.0
1469,Gadget Y,Toys,Warehouse 3,Aisle 4,300.0,29.99,Supplier B,In Stock,,1,8997.0,
1374,Widget B,Toys,Warehouse 1,Aisle 5,50.0,29.99,Supplier A,Out of Stock,2023-04-25,0,1499.5,1211.0
1749,Gadget X,Toys,Warehouse 1,Aisle 1,0.0,9.99,Supplier C,Low Stock,,1,0.0,
1669,Widget B,Furniture,Warehouse 2,Aisle 4,150.0,19.99,Supplier C,In Stock,,1,2998.4999999999995,
1037,Widget A,Toys,Warehouse 2,Aisle 2,50.0,49.99,Supplier B,In Stock,,1,2499.5,
1229,Gadget Z,Furniture,Warehouse 2,Aisle 4,300.0,9.99,Supplier A,Low Stock,2023-01-15,0,2997.0,1311.0
1364,Widget C,Furniture,Warehouse 1,Aisle 2,300.0,9.99,Supplier C,In Stock,2023-03-05,0,2997.0,1262.0
1437,Gadget Z,Furniture,Warehouse 1,Aisle 4,0.0,49.99,Supplier D,Out of Stock,2023-03-05,0,0.0,1262.0
1026,Widget C,Clothing,Warehouse 3,Aisle 4,50.0,29.99,Supplier A,Out of Stock,2023-04-25,0,1499.5,1211.0
1225,Widget A,Furniture,Warehouse 1,Aisle 2,0.0,9.99,Supplier C,Out of Stock,2023-04-25,0,0.0,1211.0
1283,Widget B,Clothing,Warehouse 2,Aisle 2,150.0,49.99,Supplier D,Out of Stock,2023-03-05,0,7498.5,1262.0
1959,Gadget X,Toys,Warehouse 3,Aisle 1,0.0,29.99,Supplier A,Out of Stock,2023-03-05,0,0.0,1262.0
1480,Gadget Z,Clothing,Warehouse 1,Aisle 2,50.0,29.99,Supplier A,Out of Stock,2023-03-05,0,1499.5,1262.0
1828,Widget A,Electronics,Warehouse 1,Aisle 5,0.0,49.99,Supplier B,Low Stock,2022-12-20,0,0.0,1337.0
1515,Gadget Y,Clothing,Warehouse 2,Aisle 2,50.0,29.99,Supplier A,Low Stock,,1,1499.5,
1048,Widget A,Toys,Warehouse 2,Aisle 4,0.0,29.99,Supplier B,Low Stock,2022-12-20,0,0.0,1337.0
1511,Widget B,Electronics,Warehouse 2,Aisle 3,150.0,49.99,Supplier C,Low Stock,,1,7498.5,
1016,Gadget X,Toys,Warehouse 3,Aisle 5,50.0,29.99,Supplier D,Low Stock,2023-04-25,0,1499.5,1211.0
1171,Widget A,Electronics,Warehouse 3,Aisle 4,100.0,49.99,Supplier B,Out of Stock,,1,4999.0,
1157,Widget B,Electronics,Warehouse 3,Aisle 4,50.0,29.99,Supplier B,Out of Stock,2022-12-20,0,1499.5,1337.0
1045,Widget C,Electronics,Warehouse 1,Aisle 1,300.0,29.99,Supplier C,In Stock,2022-12-20,0,8997.0,1337.0
1517,Widget A,Clothing,Warehouse 1,Aisle 1,0.0,49.99,Supplier C,Low Stock,2023-01-15,0,0.0,1311.0
1301,Widget C,Electronics,Warehouse 2,Aisle 5,0.0,19.99,Supplier C,Out of Stock,,1,0.0,
1180,Widget A,Clothing,Warehouse 2,Aisle 2,300.0,29.99,Supplier B,Low Stock,2023-01-15,0,8997.0,1311.0
1606,Widget C,Furniture,Warehouse 2,Aisle 2,100.0,49.99,Supplier D,Low Stock,2023-04-25,0,4999.0,1211.0
1992,Widget C,Electronics,Warehouse 3,Aisle 4,300.0,29.99,Supplier C,Out of Stock,,1,8997.0,
1115,Widget C,Toys,Warehouse 2,Aisle 4,100.0,29.99,Supplier C,Low Stock,2023-04-25,0,2999.0,1211.0
1190,Gadget Z,Electronics,Warehouse 2,Aisle 2,300.0,29.99,Supplier A,Low Stock,2023-03-05,0,8997.0,1262.0
1980,Gadget X,Furniture,Warehouse 3,Aisle 2,50.0,29.99,Supplier A,In Stock,2023-03-05,0,1499.5,1262.0
1927,Gadget Z,Electronics,Warehouse 2,Aisle 1,150.0,19.99,Supplier B,In Stock,2022-12-20,0,2998.4999999999995,1337.0
1982,Gadget Y,Electronics,Warehouse 1,Aisle 5,0.0,19.99,Supplier D,Low Stock,2023-04-25,0,0.0,1211.0
1255,Widget A,Toys,Warehouse 2,Aisle 2,300.0,29.99,Supplier B,Out of Stock,2023-03-05,0,8997.0,1262.0
1322,Gadget Y,Furniture,Warehouse 1,Aisle 3,0.0,19.99,Supplier C,Out of Stock,2023-03-05,0,0.0,1262.0
1127,Widget C,Electronics,Warehouse 1,Aisle 4,50.0,29.99,Supplier B,Low Stock,2023-01-15,0,1499.5,1311.0
1017,Gadget Z,Electronics,Warehouse 3,Aisle 1,150.0,29.99,Supplier C,In Stock,2023-01-15,0,4498.5,1311.0
1792,Widget B,Toys,Warehouse 2,Aisle 1,0.0,29.99,Supplier B,Out of Stock,,1,0.0,
1734,Gadget X,Electronics,Warehouse 2,Aisle 3,150.0,9.99,Supplier B,Low Stock,,1,1498.5,
1569,Gadget Y,Electronics,Warehouse 1,Aisle 4,50.0,29.99,Supplier D,Out of Stock,2023-04-25,0,1499.5,1211.0
1685,Gadget X,Clothing,Warehouse 1,Aisle 2,300.0,29.99,Supplier D,In Stock,2023-01-15,0,8997.0,1311.0
1625,Widget A,Clothing,Warehouse 3,Aisle 2,300.0,29.99,Supplier A,In Stock,2023-01-15,0,8997.0,1311.0
1287,Gadget X,Electronics,Warehouse 2,Aisle 3,50.0,49.99,Supplier B,Out of Stock,2023-01-15,0,2499.5,1311.0
1853,Gadget Z,Clothing,Warehouse 3,Aisle 3,0.0,9.99,Supplier C,Low Stock,2022-12-20,0,0.0,1337.0
1662,Gadget X,Toys,Warehouse 2,Aisle 3,100.0,29.99,Supplier C,Low Stock,,1,2999.0,
1961,Gadget Y,Toys,Warehouse 3,Aisle 5,0.0,19.99,Supplier B,In Stock,2023-03-05,0,0.0,1262.0
1638,Widget A,Furniture,Warehouse 3,Aisle 5,300.0,29.99,Supplier C,In Stock,2023-03-05,0,8997.0,1262.0
1154,Widget A,Furniture,Warehouse 3,Aisle 4,300.0,29.99,Supplier D,Out of Stock,2023-03-05,0,8997.0,1262.0
1985,Widget C,Electronics,Warehouse 2,Aisle 3,150.0,49.99,Supplier D,In Stock,2022-12-20,0,7498.5,1337.0
1784,Widget C,Electronics,Warehouse 2,Aisle 1,300.0,49.99,Supplier A,In Stock,2023-04-25,0,14997.0,1211.0
1810,Gadget Y,Toys,Warehouse 1,Aisle 1,0.0,49.99,Supplier C,Low Stock,2023-01-15,0,0.0,1311.0
1245,Widget A,Toys,Warehouse 2,Aisle 1,100.0,9.99,Supplier D,Out of Stock,,1,999.0,
1175,Gadget Y,Furniture,Warehouse 1,Aisle 2,50.0,29.99,Supplier A,In Stock,,1,1499.5,
1038,Gadget Y,Toys,Warehouse 3,Aisle 2,50.0,29.99,Supplier D,In Stock,2022-12-20,0,1499.5,1337.0
1758,Widget B,Clothing,Warehouse 1,Aisle 5,0.0,19.99,Supplier B,In Stock,,1,0.0,
1537,Widget A,Toys,Warehouse 1,Aisle 4,300.0,29.99,Supplier B,Out of Stock,2023-01-15,0,8997.0,1311.0
1866,Gadget Z,Clothing,Warehouse 3,Aisle 4,300.0,29.99,Supplier B,In Stock,2022-12-20,0,8997.0,1337.0
1817,Widget C,Furniture,Warehouse 3,Aisle 1,50.0,9.99,Supplier C,In Stock,2023-03-05,0,499.5,1262.0
1920,Widget B,Electronics,Warehouse 1,Aisle 3,0.0,49.99,Supplier D,Out of Stock,2023-03-05,0,0.0,1262.0
1407,Widget B,Clothing,Warehouse 1,Aisle 1,0.0,19.99,Supplier B,Low Stock,2023-01-15,0,0.0,1311.0
1827,Gadget X,Furniture,Warehouse 1,Aisle 3,150.0,29.99,Supplier A,Out of Stock,2023-03-05,0,4498.5,1262.0
1902,Widget B,Clothing,Warehouse 1,Aisle 5,0.0,19.99,Supplier A,Low Stock,2023-04-25,0,0.0,1211.0
1824,Gadget Z,Toys,Warehouse 2,Aisle 2,150.0,9.99,Supplier C,Low Stock,2022-12-20,0,1498.5,1337.0
1684,Widget C,Furniture,Warehouse 3,Aisle 5,300.0,29.99,Supplier B,Low Stock,2022-12-20,0,8997.0,1337.0
1019,Gadget X,Electronics,Warehouse 2,Aisle 2,0.0,9.99,Supplier D,Low Stock,,1,0.0,
1320,Widget A,Electronics,Warehouse 1,Aisle 2,0.0,29.99,Supplier C,Out of Stock,2023-03-05,0,0.0,1262.0
1399,Widget B,Electronics,Warehouse 3,Aisle 5,50.0,9.99,Supplier C,Low Stock,2023-03-05,0,499.5,1262.0
1653,Widget B,Clothing,Warehouse 1,Aisle 4,0.0,29.99,Supplier B,In Stock,,1,0.0,
1971,Widget C,Furniture,Warehouse 1,Aisle 5,50.0,29.99,Supplier A,In Stock,2022-12-20,0,1499.5,1337.0
1470,Widget B,Toys,Warehouse 1,Aisle 4,0.0,49.99,Supplier D,In Stock,2023-03-05,0,0.0,1262.0
1142,Gadget X,Furniture,Warehouse 2,Aisle 1,150.0,9.99,Supplier C,In Stock,2022-12-20,0,1498.5,1337.0
1353,Gadget X,Furniture,Warehouse 3,Aisle 3,300.0,19.99,Supplier B,Out of Stock,2023-04-25,0,5996.999999999999,1211.0
1833,Widget B,Electronics,Warehouse 1,Aisle 5,100.0,29.99,Supplier A,In Stock,2023-03-05,0,2999.0,1262.0
1799,Gadget Y,Toys,Warehouse 3,Aisle 2,0.0,49.99,Supplier A,In Stock,,1,0.0,
1958,Widget A,Furniture,Warehouse 1,Aisle 4,300.0,19.99,Supplier D,In Stock,2023-04-25,0,5996.999999999999,1211.0
1050,Widget C,Furniture,Warehouse 2,Aisle 1,50.0,19.99,Supplier D,Low Stock,2023-01-15,0,999.4999999999999,1311.0
1664,Gadget Y,Furniture,Warehouse 2,Aisle 4,150.0,9.99,Supplier A,In Stock,2022-12-20,0,1498.5,1337.0
1697,Gadget Z,Furniture,Warehouse 2,Aisle 3,50.0,19.99,Supplier A,Out of Stock,2022-12-20,0,999.4999999999999,1337.0
1124,Widget C,Furniture,Warehouse 1,Aisle 2,100.0,19.99,Supplier A,Low Stock,2022-12-20,0,1998.9999999999998,1337.0
1149,Widget C,Clothing,Warehouse 2,Aisle 1,50.0,19.99,Supplier B,In Stock,2023-03-05,0,999.4999999999999,1262.0
1341,Widget B,Electronics,Warehouse 2,Aisle 5,150.0,19.99,Supplier D,Out of Stock,2022-12-20,0,2998.4999999999995,1337.0
1304,Widget C,Clothing,Warehouse 2,Aisle 1,0.0,29.99,Supplier B,Low Stock,2023-03-05,0,0.0,1262.0
1837,Widget C,Electronics,Warehouse 2,Aisle 2,150.0,9.99,Supplier D,In Stock,2023-03-05,0,1498.5,1262.0
1443,Gadget Y,Electronics,Warehouse 1,Aisle 4,0.0,29.99,Supplier A,Out of Stock,2023-04-25,0,0.0,1211.0
1263,Gadget Z,Toys,Warehouse 3,Aisle 3,0.0,9.99,Supplier B,Low Stock,2022-12-20,0,0.0,1337.0
1195,Gadget Y,Electronics,Warehouse 3,Aisle 5,50.0,19.99,Supplier B,Low Stock,,1,999.4999999999999,
1773,Widget C,Furniture,Warehouse 1,Aisle 2,300.0,9.99,Supplier C,In Stock,2023-04-25,0,2997.0,1211.0
1876,Gadget X,Furniture,Warehouse 3,Aisle 2,50.0,49.99,Supplier A,In Stock,2022-12-20,0,2499.5,1337.0
1991,Gadget Y,Clothing,Warehouse 1,Aisle 5,0.0,29.99,Supplier D,Low Stock,2022-12-20,0,0.0,1337.0
1349,Widget B,Furniture,Warehouse 3,Aisle 4,0.0,29.99,Supplier A,In Stock,2022-12-20,0,0.0,1337.0
1046,Widget B,Clothing,Warehouse 2,Aisle 1,0.0,29.99,Supplier A,Low Stock,2023-01-15,0,0.0,1311.0
1822,Gadget Y,Toys,Warehouse 3,Aisle 1,50.0,29.99,Supplier B,Out of Stock,2022-12-20,0,1499.5,1337.0
1655,Widget B,Electronics,Warehouse 2,Aisle 2,300.0,29.99,Supplier A,Out of Stock,2022-12-20,0,8997.0,1337.0
1268,Widget B,Electronics,Warehouse 2,Aisle 5,0.0,9.99,Supplier A,Out of Stock,2023-01-15,0,0.0,1311.0
1369,Widget C,Clothing,Warehouse 3,Aisle 4,0.0,19.99,Supplier B,In Stock,2023-03-05,0,0.0,1262.0
1635,Gadget X,Electronics,Warehouse 1,Aisle 1,150.0,29.99,Supplier A,Low Stock,2023-03-05,0,4498.5,1262.0
1656,Gadget Z,Toys,Warehouse 1,Aisle 5,300.0,29.99,Supplier A,In Stock,2022-12-20,0,8997.0,1337.0
1830,Widget A,Toys,Warehouse 2,Aisle 4,0.0,29.99,Supplier D,Out of Stock,,1,0.0,
1786,Widget B,Clothing,Warehouse 1,Aisle 2,50.0,49.99,Supplier B,Out of Stock,,1,2499.5,
1603,Gadget Y,Furniture,Warehouse 2,Aisle 3,300.0,9.99,Supplier C,Low Stock,2023-03-05,0,2997.0,1262.0
1057,Gadget X,Electronics,Warehouse 3,Aisle 5,150.0,19.99,Supplier D,In Stock,2023-04-25,0,2998.4999999999995,1211.0
1950,Widget C,Furniture,Warehouse 1,Aisle 2,300.0,9.99,Supplier D,Low Stock,,1,2997.0,
1740,Widget B,Clothing,Warehouse 3,Aisle 2,0.0,29.99,Supplier C,Out of Stock,2022-12-20,0,0.0,1337.0
1473,Gadget Z,Furniture,Warehouse 2,Aisle 3,0.0,19.99,Supplier C,Out of Stock,,1,0.0,
1116,Gadget X,Toys,Warehouse 3,Aisle 5,100.0,29.99,Supplier D,In Stock,,1,2999.0,
1790,Widget B,Furniture,Warehouse 1,Aisle 1,150.0,29.99,Supplier A,Out of Stock,2023-01-15,0,4498.5,1311.0
1126,Gadget Z,Furniture,Warehouse 3,Aisle 5,150.0,19.99,Supplier C,Low Stock,2022-12-20,0,2998.4999999999995,1337.0
1907,Gadget Z,Electronics,Warehouse 3,Aisle 4,150.0,49.99,Supplier C,Out of Stock,2022-12-20,0,7498.5,1337.0
1633,Widget C,Electronics,Warehouse 3,Aisle 2,0.0,19.99,Supplier C,Low Stock,,1,0.0,
1512,Widget A,Toys,Warehouse 3,Aisle 4,0.0,19.99,Supplier C,Out of Stock,2023-03-05,0,0.0,1262.0
1750,Gadget Z,Electronics,Warehouse 2,Aisle 1,300.0,19.99,Supplier B,Low Stock,2023-04-25,0,5996.999999999999,1211.0
1801,Widget A,Clothing,Warehouse 1,Aisle 3,300.0,49.99,Supplier D,In Stock,,1,14997.0,
1117,Widget A,Toys,Warehouse 3,Aisle 1,0.0,49.99,Supplier B,Low Stock,2022-12-20,0,0.0,1337.0
1559,Widget A,Electronics,Warehouse 1,Aisle 1,300.0,19.99,Supplier B,Out of Stock,2023-04-25,0,5996.999999999999,1211.0
1487,Gadget Z,Toys,Warehouse 3,Aisle 1,150.0,9.99,Supplier D,Out of Stock,2022-12-20,0,1498.5,1337.0
1236,Widget C,Electronics,Warehouse 2,Aisle 3,300.0,19.99,Supplier A,In Stock,2022-12-20,0,5996.999999999999,1337.0
1884,Gadget Z,Clothing,Warehouse 2,Aisle 4,0.0,9.99,Supplier B,In Stock,2023-03-05,0,0.0,1262.0
1271,Widget B,Toys,Warehouse 2,Aisle 5,50.0,49.99,Supplier A,In Stock,2023-03-05,0,2499.5,1262.0
1188,Widget B,Toys,Warehouse 2,Aisle 3,0.0,29.99,Supplier C,Low Stock,2023-01-15,0,0.0,1311.0
1998,Gadget Y,Electronics,Warehouse 3,Aisle 3,0.0,29.99,Supplier B,In Stock,2023-03-05,0,0.0,1262.0
1703,Gadget Y,Toys,Warehouse 3,Aisle 1,300.0,9.99,Supplier A,Low Stock,2023-04-25,0,2997.0,1211.0
1446,Widget B,Clothing,Warehouse 1,Aisle 3,100.0,49.99,Supplier B,In Stock,,1,4999.0,
1580,Gadget Y,Electronics,Warehouse 3,Aisle 2,100.0,29.99,Supplier C,In Stock,,1,2999.0,
1789,Widget C,Electronics,Warehouse 3,Aisle 1,0.0,49.99,Supplier A,Low Stock,2023-01-15,0,0.0,1311.0
1075,Widget B,Electronics,Warehouse 1,Aisle 5,0.0,19.99,Supplier A,Low Stock,2023-04-25,0,0.0,1211.0
1153,Gadget X,Toys,Warehouse 1,Aisle 4,100.0,29.99,Supplier D,Out of Stock,2023-01-15,0,2999.0,1311.0
1434,Gadget Z,Furniture,Warehouse 1,Aisle 3,150.0,29.99,Supplier C,Out of Stock,2022-12-20,0,4498.5,1337.0
1696,Gadget Y,Toys,Warehouse 2,Aisle 1,50.0,29.99,Supplier C,Low Stock,,1,1499.5,
1284,Widget A,Clothing,Warehouse 2,Aisle 2,0.0,19.99,Supplier B,Out of Stock,2022-12-20,0,0.0,1337.0
1973,Gadget Z,Furniture,Warehouse 2,Aisle 1,100.0,29.99,Supplier C,In Stock,2023-04-25,0,2999.0,1211.0
1068,Gadget X,Furniture,Warehouse 3,Aisle 2,150.0,19.99,Supplier D,Out of Stock,2022-12-20,0,2998.4999999999995,1337.0
1093,Widget B,Furniture,Warehouse 3,Aisle 4,100.0,29.99,Supplier A,Low Stock,,1,2999.0,
1203,Widget A,Furniture,Warehouse 3,Aisle 3,150.0,29.99,Supplier B,In Stock,,1,4498.5,
1911,Gadget Z,Clothing,Warehouse 1,Aisle 1,0.0,29.99,Supplier D,In Stock,,1,0.0,
1431,Gadget X,Furniture,Warehouse 1,Aisle 2,0.0,9.99,Supplier A,Out of Stock,,1,0.0,
1340,Gadget Y,Clothing,Warehouse 2,Aisle 1,0.0,19.99,Supplier B,Low Stock,2023-03-05,0,0.0,1262.0
1611,Gadget Y,Electronics,Warehouse 2,Aisle 2,50.0,19.99,Supplier A,Out of Stock,2023-03-05,0,999.4999999999999,1262.0
1356,Widget B,Electronics,Warehouse 3,Aisle 4,0.0,9.99,Supplier B,In Stock,2023-04-25,0,0.0,1211.0
1022,Gadget Y,Furniture,Warehouse 3,Aisle 5,0.0,49.99,Supplier D,Out of Stock,2023-01-15,0,0.0,1311.0
1761,Gadget X,Clothing,Warehouse 3,Aisle 3,50.0,29.99,Supplier D,Out of Stock,2023-01-15,0,1499.5,1311.0
1521,Gadget Z,Electronics,Warehouse 1,Aisle 3,100.0,29.99,Supplier B,Low Stock,2023-03-05,0,2999.0,1262.0
1757,Widget B,Toys,Warehouse 1,Aisle 5,300.0,29.99,Supplier D,Low Stock,2023-01-15,0,8997.0,1311.0
1179,Gadget Z,Toys,Warehouse 2,Aisle 3,100.0,19.99,Supplier B,Low Stock,2022-12-20,0,1998.9999999999998,1337.0
1222,Widget C,Clothing,Warehouse 2,Aisle 3,150.0,49.99,Supplier D,Out of Stock,2023-04-25,0,7498.5,1211.0
1905,Widget A,Toys,Warehouse 2,Aisle 5,300.0,49.99,Supplier D,Out of Stock,2023-04-25,0,14997.0,1211.0
1324,Gadget Y,Toys,Warehouse 1,Aisle 2,300.0,29.99,Supplier B,Low Stock,2023-03-05,0,8997.0,1262.0
1015,Widget C,Electronics,Warehouse 2,Aisle 2,0.0,49.99,Supplier B,Low Stock,2022-12-20,0,0.0,1337.0
1335,Gadget X,Toys,Warehouse 3,Aisle 5,100.0,29.99,Supplier A,Low Stock,2023-01-15,0,2999.0,1311.0
1257,Widget C,Clothing,Warehouse 3,Aisle 1,50.0,19.99,Supplier A,Low Stock,,1,999.4999999999999,
1689,Gadget X,Toys,Warehouse 2,Aisle 1,150.0,19.99,Supplier C,Out of Stock,2023-03-05,0,2998.4999999999995,1262.0
1544,Widget C,Electronics,Warehouse 2,Aisle 5,300.0,29.99,Supplier D,Out of Stock,2023-01-15,0,8997.0,1311.0
1426,Gadget Z,Furniture,Warehouse 2,Aisle 2,100.0,49.99,Supplier B,Out of Stock,,1,4999.0,
1834,Widget C,Clothing,Warehouse 3,Aisle 2,50.0,29.99,Supplier A,Low Stock,,1,1499.5,
1576,Widget B,Electronics,Warehouse 2,Aisle 1,0.0,49.99,Supplier B,Out of Stock,2023-03-05,0,0.0,1262.0
1416,Widget A,Clothing,Warehouse 2,Aisle 1,50.0,49.99,Supplier D,Out of Stock,2023-03-05,0,2499.5,1262.0
1167,Widget B,Furniture,Warehouse 3,Aisle 5,50.0,9.99,Supplier B,Out of Stock,2023-04-25,0,499.5,1211.0
1841,Widget B,Toys,Warehouse 1,Aisle 4,0.0,19.99,Supplier B,In Stock,,1,0.0,
1042,Gadget Y,Electronics,Warehouse 3,Aisle 5,100.0,9.99,Supplier D,In Stock,2023-01-15,0,999.0,1311.0
1396,Widget A,Toys,Warehouse 1,Aisle 1,150.0,29.99,Supplier D,In Stock,,1,4498.5,
1011,Widget A,Clothing,Warehouse 3,Aisle 1,300.0,9.99,Supplier D,Low Stock,2023-03-05,0,2997.0,1262.0
1753,Widget C,Furniture,Warehouse 1,Aisle 2,0.0,29.99,Supplier C,In Stock,2022-12-20,0,0.0,1337.0
1848,Gadget Y,Clothing,Warehouse 3,Aisle 4,0.0,29.99,Supplier C,Out of Stock,2023-03-05,0,0.0,1262.0
1089,Gadget X,Furniture,Warehouse 3,Aisle 3,150.0,19.99,Supplier A,Low Stock,2023-01-15,0,2998.4999999999995,1311.0
1604,Widget C,Furniture,Warehouse 2,Aisle 4,0.0,29.99,Supplier D,In Stock,2023-01-15,0,0.0,1311.0
1969,Gadget Z,Toys,Warehouse 1,Aisle 4,100.0,29.99,Supplier B,Low Stock,2023-04-25,0,2999.0,1211.0
1601,Widget B,Toys,Warehouse 3,Aisle 3,0.0,49.99,Supplier D,Low Stock,2023-04-25,0,0.0,1211.0
1417,Gadget X,Clothing,Warehouse 3,Aisle 4,0.0,29.99,Supplier D,In Stock,2022-12-20,0,0.0,1337.0
1114,Widget C,Furniture,Warehouse 3,Aisle 1,150.0,9.99,Supplier C,In Stock,2023-03-05,0,1498.5,1262.0
1616,Gadget Y,Toys,Warehouse 3,Aisle 5,100.0,19.99,Supplier B,Low Stock,2023-03-05,0,1998.9999999999998,1262.0
1825,Widget C,Toys,Warehouse 3,Aisle 2,100.0,29.99,Supplier D,In Stock,2023-03-05,0,2999.0,1262.0
1500,Widget A,Toys,Warehouse 2,Aisle 5,100.0,19.99,Supplier D,Low Stock,2022-12-20,0,1998.9999999999998,1337.0
1074,Widget B,Furniture,Warehouse 1,Aisle 3,0.0,9.99,Supplier D,Out of Stock,2023-01-15,0,0.0,1311.0
1412,Widget A,Electronics,Warehouse 3,Aisle 1,0.0,29.99,Supplier B,Out of Stock,,1,0.0,
1375,Widget A,Furniture,Warehouse 1,Aisle 3,50.0,29.99,Supplier D,Low Stock,2023-01-15,0,1499.5,1311.0
1728,Gadget Z,Clothing,Warehouse 1,Aisle 5,300.0,9.99,Supplier B,Out of Stock,2023-04-25,0,2997.0,1211.0
1760,Gadget Y,Clothing,Warehouse 2,Aisle 1,0.0,29.99,Supplier A,Out of Stock,2023-04-25,0,0.0,1211.0
1675,Widget A,Furniture,Warehouse 1,Aisle 3,50.0,9.99,Supplier B,Low Stock,2022-12-20,0,499.5,1337.0
1393,Gadget Y,Toys,Warehouse 3,Aisle 2,150.0,29.99,Supplier B,Out of Stock,,1,4498.5,
1868,Gadget Z,Furniture,Warehouse 1,Aisle 2,150.0,9.99,Supplier A,Out of Stock,2023-04-25,0,1498.5,1211.0
1456,Gadget Z,Electronics,Warehouse 3,Aisle 3,100.0,19.99,Supplier D,In Stock,2023-04-25,0,1998.9999999999998,1211.0
1688,Gadget X,Furniture,Warehouse 3,Aisle 3,0.0,49.99,Supplier D,Low Stock,,1,0.0,
1547,Widget B,Toys,Warehouse 2,Aisle 1,0.0,9.99,Supplier C,In Stock,,1,0.0,
1977,Widget A,Electronics,Warehouse 3,Aisle 1,100.0,29.99,Supplier B,Low Stock,2023-04-25,0,2999.0,1211.0
1368,Gadget Z,Electronics,Warehouse 1,Aisle 1,50.0,19.99,Supplier B,In Stock,2023-03-05,0,999.4999999999999,1262.0
1694,Gadget Y,Toys,Warehouse 2,Aisle 3,150.0,9.99,Supplier D,In Stock,,1,1498.5,
1278,Widget C,Clothing,Warehouse 3,Aisle 1,150.0,29.99,Supplier A,Out of Stock,2022-12-20,0,4498.5,1337.0
1872,Gadget Y,Electronics,Warehouse 2,Aisle 3,0.0,19.99,Supplier D,In Stock,,1,0.0,
1272,Gadget Z,Clothing,Warehouse 1,Aisle 2,0.0,29.99,Supplier C,In Stock,2022-12-20,0,0.0,1337.0
1061,Widget C,Clothing,Warehouse 2,Aisle 1,0.0,9.99,Supplier C,In Stock,2023-01-15,0,0.0,1311.0
1595,Widget B,Electronics,Warehouse 2,Aisle 1,150.0,29.99,Supplier C,Out of Stock,,1,4498.5,
1879,Widget C,Furniture,Warehouse 2,Aisle 2,0.0,29.99,Supplier D,Low Stock,2023-04-25,0,0.0,1211.0
1018,Gadget X,Clothing,Warehouse 2,Aisle 5,100.0,29.99,Supplier A,Out of Stock,2023-03-05,0,2999.0,1262.0
1176,Gadget X,Toys,Warehouse 3,Aisle 4,300.0,29.99,Supplier A,Low Stock,2023-03-05,0,8997.0,1262.0
1395,Widget B,Clothing,Warehouse 2,Aisle 5,0.0,9.99,Supplier C,In Stock,2023-01-15,0,0.0,1311.0
1444,Widget C,Toys,Warehouse 3,Aisle 3,50.0,29.99,Supplier C,In Stock,2023-01-15,0,1499.5,1311.0
1914,Widget C,Electronics,Warehouse 1,Aisle 1,0.0,29.99,Supplier B,In Stock,2023-03-05,0,0.0,1262.0
1264,Gadget X,Toys,Warehouse 2,Aisle 5,0.0,49.99,Supplier B,Low Stock,2022-12-20,0,0.0,1337.0
1717,Gadget Y,Electronics,Warehouse 3,Aisle 3,300.0,19.99,Supplier A,Out of Stock,,1,5996.999999999999,
1383,Widget A,Furniture,Warehouse 1,Aisle 4,100.0,19.99,Supplier C,Low Stock,,1,1998.9999999999998,
1850,Widget B,Toys,Warehouse 3,Aisle 2,300.0,49.99,Supplier D,Low Stock,2023-01-15,0,14997.0,1311.0
1024,Widget B,Electronics,Warehouse 1,Aisle 2,50.0,19.99,Supplier B,Low Stock,2023-01-15,0,999.4999999999999,1311.0
1947,Widget B,Furniture,Warehouse 1,Aisle 5,100.0,49.99,Supplier B,Out of Stock,2023-03-05,0,4999.0,1262.0
1890,Gadget Z,Clothing,Warehouse 2,Aisle 4,100.0,9.99,Supplier D,Out of Stock,2023-04-25,0,999.0,1211.0
1468,Widget C,Electronics,Warehouse 3,Aisle 3,0.0,9.99,Supplier B,Out of Stock,2023-03-05,0,0.0,1262.0
1483,Gadget Y,Toys,Warehouse 1,Aisle 5,150.0,9.99,Supplier D,In Stock,,1,1498.5,
1568,Widget C,Clothing,Warehouse 2,Aisle 1,300.0,49.99,Supplier A,In Stock,2022-12-20,0,14997.0,1337.0
1108,Gadget X,Furniture,Warehouse 1,Aisle 5,300.0,19.99,Supplier B,Out of Stock,2023-04-25,0,5996.999999999999,1211.0
1692,Gadget Y,Electronics,Warehouse 3,Aisle 1,150.0,9.99,Supplier A,Out of Stock,,1,1498.5,
1041,Gadget Z,Furniture,Warehouse 2,Aisle 5,150.0,49.99,Supplier A,In Stock,2023-03-05,0,7498.5,1262.0
1185,Widget A,Electronics,Warehouse 1,Aisle 3,50.0,9.99,Supplier C,Out of Stock,,1,499.5,
1934,Gadget Y,Electronics,Warehouse 1,Aisle 5,300.0,29.99,Supplier B,In Stock,2023-04-25,0,8997.0,1211.0
1132,Widget A,Furniture,Warehouse 3,Aisle 3,50.0,29.99,Supplier D,Out of Stock,2023-01-15,0,1499.5,1311.0
1732,Widget B,Toys,Warehouse 1,Aisle 1,150.0,19.99,Supplier B,Out of Stock,2022-12-20,0,2998.4999999999995,1337.0
1234,Gadget Z,Electronics,Warehouse 2,Aisle 4,50.0,29.99,Supplier A,Out of Stock,2022-12-20,0,1499.5,1337.0
1842,Widget A,Furniture,Warehouse 1,Aisle 4,0.0,29.99,Supplier B,Out of Stock,2022-12-20,0,0.0,1337.0
1657,Gadget X,Toys,Warehouse 2,Aisle 4,50.0,29.99,Supplier B,Out of Stock,2023-01-15,0,1499.5,1311.0
1587,Widget A,Furniture,Warehouse 3,Aisle 3,50.0,49.99,Supplier B,Out of Stock,2023-04-25,0,2499.5,1211.0
1073,Widget A,Toys,Warehouse 2,Aisle 5,300.0,9.99,Supplier D,In Stock,,1,2997.0,
1953,Widget C,Electronics,Warehouse 1,Aisle 3,50.0,49.99,Supplier B,Low Stock,2023-03-05,0,2499.5,1262.0
1912,Gadget Z,Toys,Warehouse 1,Aisle 3,0.0,49.99,Supplier C,In Stock,2023-01-15,0,0.0,1311.0
1518,Gadget X,Clothing,Warehouse 3,Aisle 4,150.0,29.99,Supplier A,In Stock,2023-01-15,0,4498.5,1311.0
1173,Widget B,Furniture,Warehouse 1,Aisle 4,50.0,49.99,Supplier B,In Stock,,1,2499.5,
1652,Gadget Z,Toys,Warehouse 1,Aisle 1,0.0,49.99,Supplier B,In Stock,2022-12-20,0,0.0,1337.0
1169,Widget A,Furniture,Warehouse 1,Aisle 4,300.0,9.99,Supplier D,In Stock,2023-03-05,0,2997.0,1262.0
1193,Widget A,Electronics,Warehouse 2,Aisle 4,0.0,19.99,Supplier A,Low Stock,,1,0.0,
1516,Widget A,Furniture,Warehouse 1,Aisle 1,150.0,19.99,Supplier C,Out of Stock,,1,2998.4999999999995,
1028,Gadget X,Clothing,Warehouse 1,Aisle 1,0.0,9.99,Supplier D,In Stock,2023-01-15,0,0.0,1311.0
1164,Gadget X,Clothing,Warehouse 3,Aisle 5,0.0,29.99,Supplier A,Out of Stock,2023-03-05,0,0.0,1262.0
1338,Widget B,Electronics,Warehouse 2,Aisle 4,100.0,49.99,Supplier D,In Stock,,1,4999.0,
1495,Gadget Y,Toys,Warehouse 3,Aisle 3,0.0,29.99,Supplier C,Out of Stock,2023-01-15,0,0.0,1311.0
1832,Widget C,Clothing,Warehouse 1,Aisle 2,50.0,29.99,Supplier A,Low Stock,2023-03-05,0,1499.5,1262.0
1499,Gadget Z,Toys,Warehouse 2,Aisle 3,0.0,29.99,Supplier B,Low Stock,2023-01-15,0,0.0,1311.0
1326,Gadget Z,Toys,Warehouse 1,Aisle 2,50.0,19.99,Supplier D,Low Stock,,1,999.4999999999999,
1300,Widget B,Electronics,Warehouse 2,Aisle 1,100.0,29.99,Supplier D,Out of Stock,2022-12-20,0,2999.0,1337.0
1131,Widget A,Electronics,Warehouse 1,Aisle 5,0.0,49.99,Supplier A,Low Stock,2023-04-25,0,0.0,1211.0
1803,Gadget X,Clothing,Warehouse 1,Aisle 4,0.0,49.99,Supplier B,In Stock,,1,0.0,
1069,Gadget X,Furniture,Warehouse 3,Aisle 3,100.0,29.99,Supplier D,Low Stock,,1,2999.0,
1181,Widget C,Electronics,Warehouse 2,Aisle 1,50.0,29.99,Supplier A,In Stock,2023-03-05,0,1499.5,1262.0
1090,Gadget Z,Furniture,Warehouse 2,Aisle 2,0.0,19.99,Supplier A,Low Stock,2022-12-20,0,0.0,1337.0
1713,Widget B,Clothing,Warehouse 3,Aisle 5,300.0,9.99,Supplier D,Out of Stock,2023-01-15,0,2997.0,1311.0
1530,Widget B,Toys,Warehouse 1,Aisle 1,100.0,49.99,Supplier B,Low Stock,2023-03-05,0,4999.0,1262.0
1125,Widget B,Clothing,Warehouse 3,Aisle 2,50.0,29.99,Supplier D,Out of Stock,2023-04-25,0,1499.5,1211.0
1450,Widget A,Electronics,Warehouse 2,Aisle 5,0.0,9.99,Supplier D,Out of Stock,2023-03-05,0,0.0,1262.0
1172,Widget A,Furniture,Warehouse 2,Aisle 4,300.0,29.99,Supplier C,Low Stock,2023-01-15,0,8997.0,1311.0
1894,Gadget X,Toys,Warehouse 2,Aisle 4,50.0,9.99,Supplier B,Low Stock,2023-03-05,0,499.5,1262.0
1360,Widget B,Furniture,Warehouse 1,Aisle 3,0.0,49.99,Supplier D,Out of Stock,2023-03-05,0,0.0,1262.0
1000,Gadget Y,Furniture,Warehouse 1,Aisle 2,100.0,49.99,Supplier C,Low Stock,2023-01-15,0,4999.0,1311.0
1507,Widget A,Electronics,Warehouse 1,Aisle 2,0.0,29.99,Supplier B,Out of Stock,2022-12-20,0,0.0,1337.0
1408,Widget C,Electronics,Warehouse 1,Aisle 3,0.0,29.99,Supplier C,In Stock,2023-04-25,0,0.0,1211.0
1823,Gadget Z,Toys,Warehouse 2,Aisle 5,0.0,29.99,Supplier B,Low Stock,2023-04-25,0,0.0,1211.0
1933,Gadget Y,Electronics,Warehouse 2,Aisle 3,100.0,9.99,Supplier D,Out of Stock,2023-01-15,0,999.0,1311.0
1133,Widget A,Clothing,Warehouse 2,Aisle 4,100.0,9.99,Supplier D,In Stock,2022-12-20,0,999.0,1337.0
1814,Widget C,Clothing,Warehouse 1,Aisle 2,0.0,9.99,Supplier A,In Stock,2023-04-25,0,0.0,1211.0
1148,Widget C,Electronics,Warehouse 2,Aisle 3,100.0,29.99,Supplier C,In Stock,2023-01-15,0,2999.0,1311.0
1079,Gadget X,Clothing,Warehouse 2,Aisle 3,0.0,49.99,Supplier B,Out of Stock,2023-04-25,0,0.0,1211.0
1885,Gadget Y,Clothing,Warehouse 3,Aisle 2,300.0,49.99,Supplier D,Out of Stock,2023-03-05,0,14997.0,1262.0
1212,Widget A,Clothing,Warehouse 2,Aisle 1,150.0,29.99,Supplier D,In Stock,2023-03-05,0,4498.5,1262.0
1228,Widget B,Clothing,Warehouse 1,Aisle 3,100.0,49.99,Supplier D,Out of Stock,2023-04-25,0,4999.0,1211.0
1531,Widget A,Clothing,Warehouse 1,Aisle 2,0.0,49.99,Supplier C,Low Stock,2023-04-25,0,0.0,1211.0
1440,Gadget Y,Toys,Warehouse 1,Aisle 5,0.0,19.99,Supplier B,In Stock,2022-12-20,0,0.0,1337.0
1525,Gadget Z,Clothing,Warehouse 1,Aisle 1,150.0,49.99,Supplier D,Low Stock,,1,7498.5,
1970,Gadget Y,Clothing,Warehouse 1,Aisle 4,150.0,19.99,Supplier C,In Stock,2023-01-15,0,2998.4999999999995,1311.0
1329,Widget B,Clothing,Warehouse 1,Aisle 1,50.0,9.99,Supplier C,Out of Stock,2023-01-15,0,499.5,1311.0
1783,Gadget Z,Electronics,Warehouse 1,Aisle 4,50.0,19.99,Supplier C,Out of Stock,2022-12-20,0,999.4999999999999,1337.0
1357,Widget C,Clothing,Warehouse 1,Aisle 1,0.0,49.99,Supplier A,Low Stock,2023-03-05,0,0.0,1262.0
1667,Widget B,Furniture,Warehouse 3,Aisle 1,100.0,29.99,Supplier B,In Stock,2023-01-15,0,2999.0,1311.0
1007,Gadget Y,Furniture,Warehouse 1,Aisle 4,150.0,9.99,Supplier A,Low Stock,2023-04-25,0,1498.5,1211.0
1177,Widget C,Electronics,Warehouse 3,Aisle 2,300.0,49.99,Supplier B,In Stock,2023-01-15,0,14997.0,1311.0
1539,Widget A,Furniture,Warehouse 1,Aisle 3,150.0,19.99,Supplier B,In Stock,2023-04-25,0,2998.4999999999995,1211.0
1731,Gadget Y,Toys,Warehouse 3,Aisle 4,150.0,29.99,Supplier B,Out of Stock,2023-03-05,0,4498.5,1262.0
1739,Widget A,Electronics,Warehouse 2,Aisle 1,0.0,19.99,Supplier D,Low Stock,2023-04-25,0,0.0,1211.0
1922,Widget B,Toys,Warehouse 1,Aisle 4,0.0,19.99,Supplier B,In Stock,2023-04-25,0,0.0,1211.0
1501,Gadget X,Clothing,Warehouse 3,Aisle 5,50.0,29.99,Supplier D,In Stock,2023-01-15,0,1499.5,1311.0
1144,Gadget Z,Toys,Warehouse 1,Aisle 1,50.0,49.99,Supplier B,In Stock,2023-04-25,0,2499.5,1211.0
1723,Widget C,Furniture,Warehouse 1,Aisle 3,0.0,29.99,Supplier A,Out of Stock,2023-03-05,0,0.0,1262.0
1924,Widget C,Furniture,Warehouse 3,Aisle 1,150.0,9.99,Supplier B,In Stock,2023-01-15,0,1498.5,1311.0
1908,Widget B,Toys,Warehouse 1,Aisle 1,150.0,29.99,Supplier D,In Stock,2022-12-20,0,4498.5,1337.0
1557,Widget B,Toys,Warehouse 3,Aisle 2,300.0,29.99,Supplier A,Out of Stock,2023-03-05,0,8997.0,1262.0
1593,Widget B,Clothing,Warehouse 1,Aisle 1,100.0,29.99,Supplier A,Out of Stock,2023-04-25,0,2999.0,1211.0
1708,Gadget Z,Toys,Warehouse 3,Aisle 1,0.0,29.99,Supplier C,Low Stock,2023-03-05,0,0.0,1262.0
1449,Gadget X,Furniture,Warehouse 2,Aisle 3,0.0,29.99,Supplier B,Out of Stock,,1,0.0,
1009,Widget B,Furniture,Warehouse 2,Aisle 2,100.0,29.99,Supplier C,In Stock,2023-01-15,0,2999.0,1311.0
1250,Widget A,Clothing,Warehouse 1,Aisle 3,100.0,49.99,Supplier B,Out of Stock,2022-12-20,0,4999.0,1337.0
